{"cameraMode":{"drawMode":0,"name":"Shaded","section":"Shading Mode"},"sceneLighting":true,"audioPlay":false,"sceneViewState":{"m_AlwaysRefresh":false,"showFog":true,"showSkybox":true,"showFlares":true,"showImageEffects":true,"showParticleSystems":true,"showVisualEffectGraphs":true,"m_FxEnabled":true},"in2DMode":false,"pivot":{"x":-2.362968683242798,"y":2.406404733657837,"z":6.652286529541016},"rotation":{"x":-0.06145960092544556,"y":0.008982251398265362,"z":0.0005616020644083619,"w":0.9980809092521668},"size":7.199166297912598,"orthographic":false}